-- MySQL Script generated by MySQL Workbench
-- Wed Oct  6 23:31:22 2021
-- Model: New Model    Version: 1.0
-- MySQL Workbench Forward Engineering

SET @OLD_UNIQUE_CHECKS=@@UNIQUE_CHECKS, UNIQUE_CHECKS=0;
SET @OLD_FOREIGN_KEY_CHECKS=@@FOREIGN_KEY_CHECKS, FOREIGN_KEY_CHECKS=0;
SET @OLD_SQL_MODE=@@SQL_MODE, SQL_MODE='ONLY_FULL_GROUP_BY,STRICT_TRANS_TABLES,NO_ZERO_IN_DATE,NO_ZERO_DATE,ERROR_FOR_DIVISION_BY_ZERO,NO_ENGINE_SUBSTITUTION';

-- -----------------------------------------------------
-- Schema kmh19j
-- -----------------------------------------------------
DROP SCHEMA IF EXISTS `kmh19j` ;

-- -----------------------------------------------------
-- Schema kmh19j
-- -----------------------------------------------------
CREATE SCHEMA IF NOT EXISTS `kmh19j` DEFAULT CHARACTER SET utf8 ;
SHOW WARNINGS;
USE `kmh19j` ;

-- -----------------------------------------------------
-- Table `kmh19j`.`petstore`
-- -----------------------------------------------------
DROP TABLE IF EXISTS `kmh19j`.`petstore` ;

SHOW WARNINGS;
CREATE TABLE IF NOT EXISTS `kmh19j`.`petstore` (
  `pst_id` SMALLINT UNSIGNED NOT NULL AUTO_INCREMENT,
  `pst_name` VARCHAR(30) NOT NULL,
  `pst_street` VARCHAR(30) NOT NULL,
  `pst_city` VARCHAR(30) NOT NULL,
  `pst_state` CHAR(2) NOT NULL,
  `pst_zip` INT(9) UNSIGNED NOT NULL,
  `pst_phone` BIGINT NOT NULL,
  `pst_email` VARCHAR(100) NOT NULL,
  `pst_url` VARCHAR(100) NOT NULL,
  `pst_ytd_sales` DECIMAL(10,2) NOT NULL,
  `pst_notes` VARCHAR(255) NULL,
  PRIMARY KEY (`pst_id`))
ENGINE = InnoDB;

SHOW WARNINGS;

-- -----------------------------------------------------
-- Table `kmh19j`.`customer`
-- -----------------------------------------------------
DROP TABLE IF EXISTS `kmh19j`.`customer` ;

SHOW WARNINGS;
CREATE TABLE IF NOT EXISTS `kmh19j`.`customer` (
  `cus_id` SMALLINT UNSIGNED NOT NULL,
  `cus_fname` VARCHAR(15) NOT NULL,
  `cus_lname` VARCHAR(30) NOT NULL,
  `cus_street` VARCHAR(30) NOT NULL,
  `cus_city` VARCHAR(30) NOT NULL,
  `cus_state` CHAR(2) NOT NULL,
  `cus_zip` INT NOT NULL,
  `cus_phone` BIGINT NOT NULL,
  `cus_email` VARCHAR(100) NOT NULL,
  `cus_balance` DECIMAL(8,2) NOT NULL,
  `cus_total_sales` DECIMAL(8,2) NOT NULL,
  `cus_notes` VARCHAR(255) NULL,
  PRIMARY KEY (`cus_id`))
ENGINE = InnoDB;

SHOW WARNINGS;

-- -----------------------------------------------------
-- Table `kmh19j`.`pet`
-- -----------------------------------------------------
DROP TABLE IF EXISTS `kmh19j`.`pet` ;

SHOW WARNINGS;
CREATE TABLE IF NOT EXISTS `kmh19j`.`pet` (
  `pet_id` SMALLINT UNSIGNED NOT NULL AUTO_INCREMENT,
  `pst_id` SMALLINT UNSIGNED NOT NULL,
  `cus_id` SMALLINT UNSIGNED NULL,
  `pet_type` VARCHAR(45) NOT NULL,
  `pet_sex` ENUM('m', 'f') NOT NULL,
  `pet_cost` DECIMAL(6,2) UNSIGNED NOT NULL,
  `pet_price` DECIMAL(6,2) UNSIGNED NOT NULL,
  `pet_age` TINYINT UNSIGNED NOT NULL,
  `pet_color` VARCHAR(30) NOT NULL,
  `pet_sale_date` DATE NULL,
  `pet_vaccine` ENUM('y', 'n') NOT NULL,
  `pet_neuter` ENUM('y', 'n') NOT NULL,
  `pet_notes` VARCHAR(255) NULL,
  PRIMARY KEY (`pet_id`),
  INDEX `fk_pet_customer1_idx` (`cus_id` ASC) VISIBLE,
  INDEX `fk_pet_petstore1_idx` (`pst_id` ASC) VISIBLE,
  CONSTRAINT `fk_pet_customer1`
    FOREIGN KEY (`cus_id`)
    REFERENCES `kmh19j`.`customer` (`cus_id`)
    ON DELETE NO ACTION
    ON UPDATE NO ACTION,
  CONSTRAINT `fk_pet_petstore1`
    FOREIGN KEY (`pst_id`)
    REFERENCES `kmh19j`.`petstore` (`pst_id`)
    ON DELETE NO ACTION
    ON UPDATE NO ACTION)
ENGINE = InnoDB;

SHOW WARNINGS;

SET SQL_MODE=@OLD_SQL_MODE;
SET FOREIGN_KEY_CHECKS=@OLD_FOREIGN_KEY_CHECKS;
SET UNIQUE_CHECKS=@OLD_UNIQUE_CHECKS;

-- -----------------------------------------------------
-- Data for table `kmh19j`.`petstore`
-- -----------------------------------------------------
START TRANSACTION;
USE `kmh19j`;
INSERT INTO `kmh19j`.`petstore` (`pst_id`, `pst_name`, `pst_street`, `pst_city`, `pst_state`, `pst_zip`, `pst_phone`, `pst_email`, `pst_url`, `pst_ytd_sales`, `pst_notes`) VALUES (1, 'Wildwood Pets', '321 Golden Leaf', 'Juneau', 'AK', 70594, 7590570272, 'gshaves0@youtube.com', 'https://dot.gov/consequat', 35, 'ut volutpat sapien arcu sed augue aliquam erat volutpat in congue etiam justo etiam');
INSERT INTO `kmh19j`.`petstore` (`pst_id`, `pst_name`, `pst_street`, `pst_city`, `pst_state`, `pst_zip`, `pst_phone`, `pst_email`, `pst_url`, `pst_ytd_sales`, `pst_notes`) VALUES (2, 'Furry Fiesta', '653 Ridge Oak', 'New York City', 'NY', 45244, 1279176140, 'ehatch1@europa.eu', 'https://sourceforge.net', 59, 'congue risus semper porta volutpat quam pede lobortis ligula sit amet eleifend');
INSERT INTO `kmh19j`.`petstore` (`pst_id`, `pst_name`, `pst_street`, `pst_city`, `pst_state`, `pst_zip`, `pst_phone`, `pst_email`, `pst_url`, `pst_ytd_sales`, `pst_notes`) VALUES (3, 'Slugs and Snails', '343 Sheridan', 'College Station', 'TX', 76349, 7066974831, 'cswires2@github.io', 'https://prweb.com/quisque', 43, 'ridiculus mus etiam vel augue vestibulum rutrum rutrum neque aenean auctor');
INSERT INTO `kmh19j`.`petstore` (`pst_id`, `pst_name`, `pst_street`, `pst_city`, `pst_state`, `pst_zip`, `pst_phone`, `pst_email`, `pst_url`, `pst_ytd_sales`, `pst_notes`) VALUES (4, 'Fly Away Feathers', '346 Straubel', 'Orlando', 'FL', 20800, 9469312602, 'jcausley3@tumblr.com', 'http://sina.com.cn/odio/justo', 19, 'nisl ut volutpat sapien arcu sed augue aliquam erat volutpat in congue etiam justo etiam');
INSERT INTO `kmh19j`.`petstore` (`pst_id`, `pst_name`, `pst_street`, `pst_city`, `pst_state`, `pst_zip`, `pst_phone`, `pst_email`, `pst_url`, `pst_ytd_sales`, `pst_notes`) VALUES (5, 'Happy Friends', '857 Rockell', 'Buffalo', 'NY', 30712, 3479189205, 'mpecey4@google.es', 'https://ed.gov/consequat', 64, 'penatibus et magnis dis parturient montes nascetur ridiculus mus etiam vel');
INSERT INTO `kmh19j`.`petstore` (`pst_id`, `pst_name`, `pst_street`, `pst_city`, `pst_state`, `pst_zip`, `pst_phone`, `pst_email`, `pst_url`, `pst_ytd_sales`, `pst_notes`) VALUES (6, 'Kittykats Market', '468 Prairieview', 'Houston', 'TX', 96724, 6406831627, 'zplose5@un.org', 'https://storify.com', 19, 'suspendisse ornare consequat lectus in est risus auctor sed tristique');
INSERT INTO `kmh19j`.`petstore` (`pst_id`, `pst_name`, `pst_street`, `pst_city`, `pst_state`, `pst_zip`, `pst_phone`, `pst_email`, `pst_url`, `pst_ytd_sales`, `pst_notes`) VALUES (7, 'Pets Unleashed', '111 Clyde Gallagher', 'Bonita Springs', 'FL', 86224, 4150823486, 'po6@china.com.cn', 'https://wix.com', 70, 'dictumst morbi vestibulum velit id pretium iaculis diam erat fermentum');
INSERT INTO `kmh19j`.`petstore` (`pst_id`, `pst_name`, `pst_street`, `pst_city`, `pst_state`, `pst_zip`, `pst_phone`, `pst_email`, `pst_url`, `pst_ytd_sales`, `pst_notes`) VALUES (8, 'The Time Is Meow', '673 Manley', 'Jamaica', 'NY', 90338, 9343673122, 'nsleep7@java.com', 'https://erat.net', 52, 'habitasse platea dictumst morbi vestibulum velit id pretium iaculis diam erat fermentum justo nec');
INSERT INTO `kmh19j`.`petstore` (`pst_id`, `pst_name`, `pst_street`, `pst_city`, `pst_state`, `pst_zip`, `pst_phone`, `pst_email`, `pst_url`, `pst_ytd_sales`, `pst_notes`) VALUES (9, 'Pets Unlimited', '436 Brickson Park', 'Lake Charles', 'LA', 84823, 7108072711, 'tnutbeem8@cnn.com', 'http://netlog.com', 84, 'sit amet nulla quisque arcu libero rutrum ac lobortis vel dapibus at');
INSERT INTO `kmh19j`.`petstore` (`pst_id`, `pst_name`, `pst_street`, `pst_city`, `pst_state`, `pst_zip`, `pst_phone`, `pst_email`, `pst_url`, `pst_ytd_sales`, `pst_notes`) VALUES (10, 'We Love Pets', '997 Golf Course', 'Racine', 'WI', 90787, 6392448518, 'ccoyett9@ehow.com', 'https://multiply.com/eros', 70, 'potenti nullam porttitor lacus at turpis donec posuere metus vitae ipsum aliquam');

COMMIT;


-- -----------------------------------------------------
-- Data for table `kmh19j`.`customer`
-- -----------------------------------------------------
START TRANSACTION;
USE `kmh19j`;
INSERT INTO `kmh19j`.`customer` (`cus_id`, `cus_fname`, `cus_lname`, `cus_street`, `cus_city`, `cus_state`, `cus_zip`, `cus_phone`, `cus_email`, `cus_balance`, `cus_total_sales`, `cus_notes`) VALUES (11, 'Maryellen', 'Augur', '93 Corben Avenue', 'Staten Island', 'NY', 60439, 8337619209, 'maugur0@sfgate.com', 614451, 772982, 'sed nisl nunc rhoncus dui vel');
INSERT INTO `kmh19j`.`customer` (`cus_id`, `cus_fname`, `cus_lname`, `cus_street`, `cus_city`, `cus_state`, `cus_zip`, `cus_phone`, `cus_email`, `cus_balance`, `cus_total_sales`, `cus_notes`) VALUES (21, 'Spencer', 'Parcell', '10093 Hauk Drive', 'Louisville', 'KY', 89844, 7147922107, 'sparcell1@umn.edu', 767588, 515378, 'neque duis bibendum morbi non quam nec');
INSERT INTO `kmh19j`.`customer` (`cus_id`, `cus_fname`, `cus_lname`, `cus_street`, `cus_city`, `cus_state`, `cus_zip`, `cus_phone`, `cus_email`, `cus_balance`, `cus_total_sales`, `cus_notes`) VALUES (31, 'Ari', 'Lehon', '535 Almo Park', 'Peoria', 'AZ', 43690, 4429469365, 'alehon2@tripod.com', 227989, 610302, 'in purus eu magna vulputate luctus cum');
INSERT INTO `kmh19j`.`customer` (`cus_id`, `cus_fname`, `cus_lname`, `cus_street`, `cus_city`, `cus_state`, `cus_zip`, `cus_phone`, `cus_email`, `cus_balance`, `cus_total_sales`, `cus_notes`) VALUES (41, 'Cal', 'Inseal', '1 Bowman Drive', 'Austin', 'TX', 72860, 6577145857, 'cinseal3@weibo.com', 161591, 905558, 'luctus et ultrices posuere cubilia curae mauris viverra');
INSERT INTO `kmh19j`.`customer` (`cus_id`, `cus_fname`, `cus_lname`, `cus_street`, `cus_city`, `cus_state`, `cus_zip`, `cus_phone`, `cus_email`, `cus_balance`, `cus_total_sales`, `cus_notes`) VALUES (51, 'Letitia', 'Walkington', '5 Mallory Lane', 'Brooklyn', 'NY', 35261, 8081570957, 'lwalkington4@1688.com', 136637, 939358, 'in felis donec semper sapien a libero nam');
INSERT INTO `kmh19j`.`customer` (`cus_id`, `cus_fname`, `cus_lname`, `cus_street`, `cus_city`, `cus_state`, `cus_zip`, `cus_phone`, `cus_email`, `cus_balance`, `cus_total_sales`, `cus_notes`) VALUES (61, 'Clarabelle', 'Harvard', '36 Roth Circle', 'Boston', 'MA', 50688, 4901885828, 'charvard5@zimbio.com', 340816, 937585, 'primis in faucibus orci luctus et');
INSERT INTO `kmh19j`.`customer` (`cus_id`, `cus_fname`, `cus_lname`, `cus_street`, `cus_city`, `cus_state`, `cus_zip`, `cus_phone`, `cus_email`, `cus_balance`, `cus_total_sales`, `cus_notes`) VALUES (71, 'Richmond', 'Murdoch', '5581 Mcguire Park', 'Billings', 'MT', 28663, 7295085805, 'rmurdoch6@ucoz.com', 299068, 408834, 'at velit vivamus vel nulla eget');
INSERT INTO `kmh19j`.`customer` (`cus_id`, `cus_fname`, `cus_lname`, `cus_street`, `cus_city`, `cus_state`, `cus_zip`, `cus_phone`, `cus_email`, `cus_balance`, `cus_total_sales`, `cus_notes`) VALUES (81, 'Sherri', 'Santore', '533 Independence Junction', 'Springfield', 'MA', 21049, 5388171235, 'ssantore7@blogtalkradio.com', 243599, 506081, 'proin at turpis a pede posuere');
INSERT INTO `kmh19j`.`customer` (`cus_id`, `cus_fname`, `cus_lname`, `cus_street`, `cus_city`, `cus_state`, `cus_zip`, `cus_phone`, `cus_email`, `cus_balance`, `cus_total_sales`, `cus_notes`) VALUES (91, 'Devinne', 'Fomichkin', '00 Westport Court', 'Fredericksburg', 'VA', 14221, 2127932982, 'dfomichkin8@cornell.edu', 264709, 647184, 'consectetuer adipiscing elit proin interdum mauris non ligula pellentesque');
INSERT INTO `kmh19j`.`customer` (`cus_id`, `cus_fname`, `cus_lname`, `cus_street`, `cus_city`, `cus_state`, `cus_zip`, `cus_phone`, `cus_email`, `cus_balance`, `cus_total_sales`, `cus_notes`) VALUES (101, 'Lauretta', 'Milbourn', '95605 Gateway Street', 'Honolulu', 'HI', 33995, 7163145158, 'lmilbourn9@cornell.edu', 912389, 421683, 'lectus pellentesque at nulla suspendisse');

COMMIT;


-- -----------------------------------------------------
-- Data for table `kmh19j`.`pet`
-- -----------------------------------------------------
START TRANSACTION;
USE `kmh19j`;
INSERT INTO `kmh19j`.`pet` (`pet_id`, `pst_id`, `cus_id`, `pet_type`, `pet_sex`, `pet_cost`, `pet_price`, `pet_age`, `pet_color`, `pet_sale_date`, `pet_vaccine`, `pet_neuter`, `pet_notes`) VALUES (10, 1, 11, 'White-winged black tern', 'f', 9601.23, 8334.00, 46, 'Indigo', '2021-08-29', 'n', 'n', 'natoque penatibus et magnis dis parturient montes nascetur');
INSERT INTO `kmh19j`.`pet` (`pet_id`, `pst_id`, `cus_id`, `pet_type`, `pet_sex`, `pet_cost`, `pet_price`, `pet_age`, `pet_color`, `pet_sale_date`, `pet_vaccine`, `pet_neuter`, `pet_notes`) VALUES (20, 2, 21, 'Hedgehog', 'm', 8373.21, 7988.00, 68, 'Khaki', '2021-08-23', 'y', 'y', 'vestibulum velit id pretium iaculis diam erat fermentum justo nec');
INSERT INTO `kmh19j`.`pet` (`pet_id`, `pst_id`, `cus_id`, `pet_type`, `pet_sex`, `pet_cost`, `pet_price`, `pet_age`, `pet_color`, `pet_sale_date`, `pet_vaccine`, `pet_neuter`, `pet_notes`) VALUES (30, 3, 31, 'Sockeye salmon', 'm', 8492.62, 7234.00, 12, 'Maroon', '2021-03-26', 'y', 'n', 'lobortis sapien sapien non mi integer ac neque');
INSERT INTO `kmh19j`.`pet` (`pet_id`, `pst_id`, `cus_id`, `pet_type`, `pet_sex`, `pet_cost`, `pet_price`, `pet_age`, `pet_color`, `pet_sale_date`, `pet_vaccine`, `pet_neuter`, `pet_notes`) VALUES (40, 4, 41, 'Marine iguana', 'f', 8624.54, 1114.65, 20, 'Turquoise', '2020-12-10', 'y', 'n', 'velit nec nisi vulputate nonummy');
INSERT INTO `kmh19j`.`pet` (`pet_id`, `pst_id`, `cus_id`, `pet_type`, `pet_sex`, `pet_cost`, `pet_price`, `pet_age`, `pet_color`, `pet_sale_date`, `pet_vaccine`, `pet_neuter`, `pet_notes`) VALUES (50, 5, 51, 'Turkey, common', 'm', 7864.26, 8369.99, 86, 'Blue', '2021-07-31', 'n', 'n', 'at diam nam tristique tortor eu');
INSERT INTO `kmh19j`.`pet` (`pet_id`, `pst_id`, `cus_id`, `pet_type`, `pet_sex`, `pet_cost`, `pet_price`, `pet_age`, `pet_color`, `pet_sale_date`, `pet_vaccine`, `pet_neuter`, `pet_notes`) VALUES (60, 6, 61, 'Redtailed cockatoo', 'm', 4811.17, 5315.33, 26, 'Yellow', '2021-06-12', 'y', 'n', 'sapien cursus vestibulum proin eu mi nulla ac');
INSERT INTO `kmh19j`.`pet` (`pet_id`, `pst_id`, `cus_id`, `pet_type`, `pet_sex`, `pet_cost`, `pet_price`, `pet_age`, `pet_color`, `pet_sale_date`, `pet_vaccine`, `pet_neuter`, `pet_notes`) VALUES (70, 7, 71, 'Duck', 'f', 5192.18, 1843.45, 38, 'Puce', '2021-04-06', 'y', 'n', 'at turpis a pede posuere nonummy integer non velit');
INSERT INTO `kmh19j`.`pet` (`pet_id`, `pst_id`, `cus_id`, `pet_type`, `pet_sex`, `pet_cost`, `pet_price`, `pet_age`, `pet_color`, `pet_sale_date`, `pet_vaccine`, `pet_neuter`, `pet_notes`) VALUES (80, 8, 81, 'Frilled dragon', 'm', 6518.14, 1033.45, 49, 'Blue', '2020-12-16', 'y', 'y', 'quam suspendisse potenti nullam porttitor lacus at turpis');
INSERT INTO `kmh19j`.`pet` (`pet_id`, `pst_id`, `cus_id`, `pet_type`, `pet_sex`, `pet_cost`, `pet_price`, `pet_age`, `pet_color`, `pet_sale_date`, `pet_vaccine`, `pet_neuter`, `pet_notes`) VALUES (90, 9, 91, 'Whitewinged dove', 'm', 1073.21, 8904.56, 61, 'Green', '2021-09-08', 'y', 'y', 'cum sociis natoque penatibus et');
INSERT INTO `kmh19j`.`pet` (`pet_id`, `pst_id`, `cus_id`, `pet_type`, `pet_sex`, `pet_cost`, `pet_price`, `pet_age`, `pet_color`, `pet_sale_date`, `pet_vaccine`, `pet_neuter`, `pet_notes`) VALUES (100, 10, 101, 'Snowy sheathbill', 'm', 5330.59, 7712.39, 35, 'Maroon', '2021-06-07', 'n', 'n', 'in sagittis dui vel nisl');

COMMIT;

